{
  "Scotland": 1783.5617590892082,
  "England": 2101.6026492619035,
  "Wales": 1733.1389508668337,
  "Northern Ireland": 1618.3898509284836,
  "United States": 1882.7445900702091,
  "Canada": 1819.192912885493,
  "Uruguay": 1908.4577500683686,
  "Argentina": 2192.9494681457168,
  "Austria": 1849.233981940059,
  "Hungary": 1743.5773484505723,
  "Czechoslovakia": 1764.1399622029237,
  "Belgium": 1981.0465980011652,
  "France": 2178.9897743891693,
  "Switzerland": 1988.4966377317883,
  "Guernsey": 1736.430475769547,
  "Alderney": 1112.3572956580156,
  "Jersey": 1782.6389488201091,
  "Netherlands": 2021.3495368492215,
  "Guyana": 1471.4969430336637,
  "Trinidad and Tobago": 1549.1153263260298,
  "South Africa": 1688.2869968083041,
  "Germany": 1962.0252732653757,
  "Sweden": 1756.0246992042971,
  "Norway": 1951.824060322745,
  "Denmark": 1866.9488396330141,
  "Italy": 1869.0480866159726,
  "Chile": 1760.573990889194,
  "Russia": 1815.5564226168462,
  "Finland": 1589.5813554651095,
  "Luxembourg": 1428.313423675143,
  "Catalonia": 1570.6526137997264,
  "Philippines": 1347.4598238781223,
  "China": 1552.8943031029116,
  "Brazil": 2082.626208894,
  "Basque Country": 1696.044584545717,
  "Japan": 1947.40479372497,
  "Paraguay": 1879.9103079031813,
  "Romania": 1669.258613088238,
  "Greece": 1741.7040591958873,
  "Yugoslavia": 1852.3625703518153,
  "Egypt": 1859.870505063057,
  "Spain": 2188.4325158049833,
  "Estonia": 1365.87013756549,
  "Suriname": 1582.5079515442023,
  "Provence": 1463.0532058695787,
  "Costa Rica": 1763.0117817173375,
  "El Salvador": 1500.8827109354786,
  "Guatemala": 1653.5299760151936,
  "Poland": 1749.4652241686713,
  "Portugal": 2028.4116154576577,
  "Brittany": 1503.5961582576779,
  "New Zealand": 1710.9022637191276,
  "Australia": 1897.9845679417074,
  "Latvia": 1321.6162150036625,
  "Galicia": 1514.3607565018829,
  "Central Spain": 1497.4842542512138,
  "Mexico": 2033.1208287977736,
  "Andalusia": 1546.6811507296177,
  "Asturias": 1509.94113368692,
  "Lithuania": 1321.1912746671007,
  "Turkey": 1881.1857648989292,
  "Aruba": 1222.5234104164924,
  "Cura\u00e7ao": 1608.7147710414351,
  "Bulgaria": 1507.835741698102,
  "Republic of Ireland": 1722.7057780511018,
  "Haiti": 1649.6371821260514,
  "Jamaica": 1661.6004554613141,
  "Kenya": 1462.0719834186511,
  "Uganda": 1522.9434775854695,
  "Bolivia": 1719.2254952582557,
  "Peru": 1756.7078388785158,
  "Honduras": 1700.4957925559952,
  "Belarus": 1524.9860546514412,
  "Ukraine": 1806.8691239202528,
  "Barbados": 1164.7664099949536,
  "Nicaragua": 1486.8921251244888,
  "Cuba": 1398.7939885019287,
  "Martinique": 1495.903969238793,
  "Dominica": 1204.146729784089,
  "Silesia": 1502.3861121054097,
  "Guadeloupe": 1516.2344271301456,
  "Israel": 1628.82415873473,
  "Indonesia": 1508.724197565713,
  "French Guiana": 1484.2708591286398,
  "Saint Lucia": 1266.0322838928482,
  "Colombia": 2061.0772831050845,
  "Panama": 1774.2152405630138,
  "Venezuela": 1794.436964747281,
  "Ecuador": 1938.1928379771723,
  "Saint Kitts and Nevis": 1288.8327285126918,
  "Grenada": 1300.5170059821787,
  "India": 1255.4022938662413,
  "Slovakia": 1707.7153977259618,
  "Manchukuo": 1462.439093889275,
  "Croatia": 1915.900259760032,
  "Lebanon": 1449.16069984789,
  "Puerto Rico": 1355.3959579769287,
  "Afghanistan": 1217.996598764371,
  "Iran": 1883.161636007924,
  "Mongolia": 1015.0161257412351,
  "Tanzania": 1439.707391871594,
  "Zimbabwe": 1462.3046408152102,
  "Zambia": 1551.2482819923182,
  "Iceland": 1596.1778755473015,
  "Albania": 1656.4841879522291,
  "Montenegro": 1474.4818098083563,
  "Madagascar": 1490.6910102223726,
  "Mauritius": 1198.9682026323978,
  "R\u00e9union": 1575.1368402910846,
  "Zanzibar": 1498.2466346421422,
  "Djibouti": 1078.6840354146748,
  "Ethiopia": 1389.879334088835,
  "DR Congo": 1797.8827668208821,
  "South Korea": 1837.5729903775919,
  "Vietnam": 1453.2222778295838,
  "Macau": 869.8045023485728,
  "Dominican Republic": 1459.8317419998775,
  "Cyprus": 1330.1498241355505,
  "Sierra Leone": 1481.264070433772,
  "Nigeria": 1870.9290261073716,
  "Syria": 1615.4698445510005,
  "Serbia": 1752.3278760990904,
  "Taiwan": 1051.9315637657962,
  "Ghana": 1673.8563147755297,
  "Myanmar": 1154.6466980355206,
  "New Caledonia": 1626.7915788296934,
  "Vanuatu": 1485.0001856038227,
  "Fiji": 1498.8418294879284,
  "Pakistan": 1120.461464791063,
  "Sri Lanka": 1040.7403544684628,
  "German DR": 1675.71304237046,
  "Tahiti": 1540.0180402544263,
  "Gambia": 1533.33441507839,
  "Hong Kong": 1323.1499878366349,
  "Singapore": 1316.741513859691,
  "Malaysia": 1470.5251252047572,
  "Guinea-Bissau": 1370.4386070361886,
  "Saarland": 1461.287223780056,
  "Burundi": 1378.972256157788,
  "Cameroon": 1716.1805738774838,
  "Kernow": 1555.4967879975482,
  "Cambodia": 1086.444871164545,
  "Thailand": 1539.7160510625408,
  "Vietnam Republic": 1350.544673565021,
  "Kyrgyzstan": 1470.310642584952,
  "Moldova": 1271.5387285427787,
  "North Vietnam": 1491.6668222007102,
  "Togo": 1470.2011597812032,
  "North Korea": 1494.2141232722715,
  "Sudan": 1477.0187456994995,
  "Malta": 1292.0888075471505,
  "Tunisia": 1640.690885656349,
  "Libya": 1509.4333022655096,
  "Malawi": 1436.8026853167885,
  "Morocco": 2030.7040508002951,
  "Benin": 1542.0819301438307,
  "Cape Verde": 1683.5426974465129,
  "Burkina Faso": 1642.9264557293575,
  "Gabon": 1521.8236172160848,
  "Congo": 1339.2098789127128,
  "Ivory Coast": 1811.6804065719866,
  "Mali": 1699.7820989902905,
  "Central African Republic": 1353.3088927607514,
  "Iraq": 1673.7398129815126,
  "Saint Vincent and the Grenadines": 1331.0163221758012,
  "Senegal": 1866.924896922392,
  "Laos": 979.7688271090935,
  "Liberia": 1442.628302317757,
  "Chad": 1245.7719077124514,
  "Niger": 1510.2019887099425,
  "Mauritania": 1426.2328795385774,
  "Guinea": 1581.3891637526265,
  "Algeria": 1821.8747115682643,
  "Kuwait": 1473.4868657910993,
  "Jordan": 1713.474047708054,
  "Papua New Guinea": 1485.5632438834664,
  "Solomon Islands": 1455.809601225657,
  "Somalia": 1082.097869395183,
  "Saudi Arabia": 1706.5901590048773,
  "Bermuda": 1342.1750785366712,
  "Palestine": 1597.6144999141454,
  "Bahrain": 1549.3410669304526,
  "Yemen": 1324.4781206262312,
  "Oman": 1582.5978509821089,
  "Wallis Islands and Futuna": 1340.7495270166162,
  "Corsica": 1530.7296666513723,
  "Western Australia": 1419.9698980734722,
  "Eswatini": 1299.0910928361793,
  "Botswana": 1380.3970158845955,
  "Qatar": 1567.57969322996,
  "Lesotho": 1416.638945554808,
  "Bahamas": 1018.6522207212241,
  "Brunei": 920.2176997336727,
  "Cook Islands": 1187.8138605151773,
  "Yemen DPR": 1366.9078166055356,
  "United Arab Emirates": 1670.8502744160878,
  "Faroe Islands": 1374.5507745411194,
  "Nepal": 1105.9051945838482,
  "Antigua and Barbuda": 1182.2260480368564,
  "Bangladesh": 1147.0010624196705,
  "Seychelles": 1023.7374749740276,
  "Equatorial Guinea": 1451.2721480760863,
  "Mozambique": 1501.697701989203,
  "Guam": 1003.6943144150722,
  "Angola": 1576.4334602777662,
  "S\u00e3o Tom\u00e9 and Pr\u00edncipe": 1186.3919489070056,
  "Rwanda": 1433.0820612039001,
  "Northern Cyprus": 1648.1958128441254,
  "Armenia": 1436.8359248826346,
  "Georgia": 1653.701760987326,
  "Azerbaijan": 1380.0628110194325,
  "Kazakhstan": 1483.1531183325078,
  "Comoros": 1479.9877302837301,
  "Maldives": 1036.3958942641366,
  "Tonga": 1121.776557167788,
  "Kiribati": 1307.7998339487729,
  "Tuvalu": 1281.441453385682,
  "Samoa": 1298.0209152583614,
  "Greenland": 1477.3408419048624,
  "Liechtenstein": 1000.5618384744721,
  "Bhutan": 915.6977524339262,
  "South Yemen": 1478.2538246784923,
  "Niue": 1448.9129528430367,
  "American Samoa": 1029.1482118133972,
  "Belize": 1280.4376433263108,
  "Cayman Islands": 1090.156350334089,
  "Anguilla": 923.431213898089,
  "British Virgin Islands": 1014.4977772083747,
  "Palau": 1461.990018762844,
  "Sint Maarten": 1296.8919198719566,
  "Namibia": 1429.4389245703642,
  "Ynys M\u00f4n": 1612.0165881031892,